OPERATION,SOP
ALERT,TO12LB008
CE TN BDP,OR1300485
CE TN FCP,OR1300485
CE TV FCP,OR1300485
RIXUBIS CALCULATED VALUES,orth
DEGREE_PEGYLATION-855,TO11LT579
DISTRIBUTION OF PEG TO THROMBIN FRAG-855,TO11LT810
ENDOTOXIN:AHF-855,TO11LT557
ENDOTOXIN:AHF-AHFM,TO11LT557
ETHYLENE-GLYCOL:AHF-AHFM,TO11LT510
FREE FVIII SUBUNITS-855,TO11LT578
FREE PEG-855,TO11LT577
GLYCINE:AHF-AHFM,TO11LT567
IDENTIFICATION-EM/W,TO12LT031
ISOLATE-NUMBER-EM/W,TO12LT017
MIGG:AHF-AHFM,TO11LT568
SPECIFIC-ACTIVITY(BEC-E)-855,TO11LT801
SPECIFIC-ACTIVITY(BULK)-855,TO11LT801
STERILITY-PFM(FC),TO12LT021
STERILITY(POST-PROD)-PFM,TO12LT031
MYCOPLASMA(POST-PROD)-LQC,external
MYCOPLASMA(POST-PROD)-PFM,external
PARTICULATE/PH.EUR.2.9.19_USP 788,external
CALC(1/4)(TO27B01BF),mfg_calculation
CALC(2/4)(TO27B01PF),mfg_calculation
CALC(3/4)(TO27B01CF),mfg_calculation
CALC(4/4)(TO27B01UF),mfg_calculation
CELLULAR_PRODUCTIVITY,mfg_calculation
FINAL CONTAINER RECOVERY-RAHF,mfg_calculation
FORMULATION RECOVERY-RAHF,mfg_calculation
FVIII CELLULAR PRODUCTIVITY CALCULATIONS,mfg_calculation
IN-VITRO VIRAL-LQC,external
IN-VITRO VIRAL-PFM,external
MAB HARVEST CALC/COLUMN CAPACITY (2LOAD),mfg_calculation
MAB HARVEST CALCULATION/COLUMN CAPACITY,mfg_calculation
PEG MOLECULAR WEIGHT-855,hplc
ETHYLENE-GLYCOL:AHF-AHFM,hplc
VONVENDI CALCULATED VALUES(05ML),release
VONVENDI CALCULATED VALUES(10ML),release
VONVENDI CALCULATED VALUES(5ML),release
ADVATE EU CALCULATION,neuchatel
ADYNOVI EU CALCULATION,release