Group,SOP
HPLC,TO11LB531
HPLC,TO11LT510
HPLC,TO11LT514
HPLC,TO11LT521
HPLC,TO11LT571
HPLC,TO11LT576
HPLC,TO11LT577
HPLC,TO11LT578
HPLC,TO11LT579
HPLC,TO11LT582
HPLC,TO11LT584
HPLC,TO11LT586
HPLC,TO11LT588
HPLC,TO11LT589
HPLC,TO11LT803
HPLC,TO11LT810
HPLC,WL1104077
HPLC,hplc
Raw Materials,TO11LB520
Raw Materials,TO11LB521
Raw Materials,TO11LB525
Raw Materials,TO11LH539
Raw Materials,TO11LT537
Raw Materials,TO11LT544
Raw Materials,TO11LT545
Raw Materials,TO11LT547
Raw Materials,TO11LT548
Raw Materials,TO11LT549
Raw Materials,TO11LT552
Raw Materials,TO11LT557
Raw Materials,TO11LT569
Raw Materials,TO11LT805
Release,TO11LT500
Release,TO11LT501
Release,TO11LT504
Release,TO11LT506
Release,TO11LT507
Release,TO11LT509
Release,TO11LT511
Release,TO11LT512
Release,TO11LT513
Release,TO11LT516
Release,TO11LT519
Release,TO11LT520
Release,TO11LT524
Release,TO11LT528
Release,TO11LT531
Release,TO11LT532
Release,TO11LT533
Release,TO11LT536
Release,TO11LT541
Release,TO11LT542
Release,TO11LT555
Release,TO11LT556
Release,TO11LT560
Release,TO11LT563
Release,TO11LT567
Release,TO11LT568
Release,TO11LT570
Release,TO11LT574
Release,TO11LT575
Release,TO11LT581
Release,TO11LT583
Release,TO11LT585
Release,TO11LT800
Release,TO11LT801
Release,TO11LT802
Release,TO11LT806
Release,TO11LT812
Release,release
Utilities,TO11LT501
Utilities,TO11LT505
Utilities,TO11LT562
Utilities,TO11LT565
Utilities,TO11LT580
Utilities,TO11LT807
Micro,TO12LT017
Micro,TO12LT021
Micro,TO11LT031
Micro,TO12LT031
Micro,TO12LB008
Orth,OR1300043
Orth,OR1300485
Orth,OR1300708
Orth,OR1200006
Orth,orth
Manufacturing,mfg_calculation
External,external
Neuchatel,NE1100043
Neuchatel,NE1100036
Neuchatel,NE1100140
Neuchatel,NE1100047
Neuchatel,NE1300048
Neuchatel,NE1300031
Neuchatel,NE1300032
Neuchatel,NE1100133
Neuchatel,NE1100131
Neuchatel,NE1100051
Neuchatel,NE1100138
Neuchatel,NE1100134
Neuchatel,neuchatel
Los Angeles,LA1200014
Los Angeles,LA1100151
Los Angeles,LA2000141
Los Angeles,LA1100178
Los Angeles,LA1100171
Van Nuys,VN1104079
Van Nuys,VN1104082
Van Nuys,VN1108000